Price Date,States,Commodity,Modal Price (Rs./Quintal)
14 Jul 2020,Delhi,Banana,1550
13 Jul 2020,Delhi,Banana,1500
11 Jul 2020,Delhi,Banana,1500
10 Jul 2020,Delhi,Banana,1500
09 Jul 2020,Delhi,Banana,1400
08 Jul 2020,Delhi,Banana,1350
07 Jul 2020,Delhi,Banana,1350
06 Jul 2020,Delhi,Banana,1300
04 Jul 2020,Delhi,Banana,1300
03 Jul 2020,Delhi,Banana,1300
02 Jul 2020,Delhi,Banana,1300
01 Jul 2020,Delhi,Banana,1300
30 Jun 2020,Delhi,Banana,1300
29 Jun 2020,Delhi,Banana,1300
27 Jun 2020,Delhi,Banana,1300
26 Jun 2020,Delhi,Banana,1200
25 Jun 2020,Delhi,Banana,1300
24 Jun 2020,Delhi,Banana,1300
23 Jun 2020,Delhi,Banana,1300
22 Jun 2020,Delhi,Banana,1300
20 Jun 2020,Delhi,Banana,1200
19 Jun 2020,Delhi,Banana,1300
18 Jun 2020,Delhi,Banana,1300
17 Jun 2020,Delhi,Banana,1400
16 Jun 2020,Delhi,Banana,1400
15 Jun 2020,Delhi,Banana,1300
13 Jun 2020,Delhi,Banana,1300
12 Jun 2020,Delhi,Banana,1200
11 Jun 2020,Delhi,Banana,1200
10 Jun 2020,Delhi,Banana,1100
09 Jun 2020,Delhi,Banana,1125
08 Jun 2020,Delhi,Banana,1125
06 Jun 2020,Delhi,Banana,1125
05 Jun 2020,Delhi,Banana,1100
04 Jun 2020,Delhi,Banana,1100
03 Jun 2020,Delhi,Banana,1100
02 Jun 2020,Delhi,Banana,1100
01 Jun 2020,Delhi,Banana,1200
30 May 2020,Delhi,Banana,1200
29 May 2020,Delhi,Banana,1175
28 May 2020,Delhi,Banana,1175
27 May 2020,Delhi,Banana,1275
26 May 2020,Delhi,Banana,1275
25 May 2020,Delhi,Banana,1275
23 May 2020,Delhi,Banana,1300
22 May 2020,Delhi,Banana,1400
21 May 2020,Delhi,Banana,1400
20 May 2020,Delhi,Banana,1500
19 May 2020,Delhi,Banana,1600
18 May 2020,Delhi,Banana,1600
16 May 2020,Delhi,Banana,1500
15 May 2020,Delhi,Banana,1500
14 May 2020,Delhi,Banana,1600
13 May 2020,Delhi,Banana,1600
12 May 2020,Delhi,Banana,1625
11 May 2020,Delhi,Banana,1625
09 May 2020,Delhi,Banana,1625
08 May 2020,Delhi,Banana,1625
07 May 2020,Delhi,Banana,1625
06 May 2020,Delhi,Banana,1800
05 May 2020,Delhi,Banana,1800
04 May 2020,Delhi,Banana,1900
02 May 2020,Delhi,Banana,1750
01 May 2020,Delhi,Banana,1750
30 Apr 2020,Delhi,Banana,2100
29 Apr 2020,Delhi,Banana,2100
28 Apr 2020,Delhi,Banana,2100
27 Apr 2020,Delhi,Banana,2100
25 Apr 2020,Delhi,Banana,2100
24 Apr 2020,Delhi,Banana,2100
23 Apr 2020,Delhi,Banana,2100
22 Apr 2020,Delhi,Banana,2100
21 Apr 2020,Delhi,Banana,2100
20 Apr 2020,Delhi,Banana,2100
18 Apr 2020,Delhi,Banana,2100
17 Apr 2020,Delhi,Banana,2100
16 Apr 2020,Delhi,Banana,2175
31 Dec 2019,Delhi,Banana,1450
30 Dec 2019,Delhi,Banana,1450
28 Dec 2019,Delhi,Banana,1450
27 Dec 2019,Delhi,Banana,1450
26 Dec 2019,Delhi,Banana,1450
25 Dec 2019,Delhi,Banana,1350
24 Dec 2019,Delhi,Banana,1250
23 Dec 2019,Delhi,Banana,1250
21 Dec 2019,Delhi,Banana,1350
20 Dec 2019,Delhi,Banana,1350
18 Dec 2019,Delhi,Banana,1350
17 Dec 2019,Delhi,Banana,1350
16 Dec 2019,Delhi,Banana,1350
14 Dec 2019,Delhi,Banana,1450
13 Dec 2019,Delhi,Banana,1350
12 Dec 2019,Delhi,Banana,1350
11 Dec 2019,Delhi,Banana,1350
10 Dec 2019,Delhi,Banana,1350
07 Dec 2019,Delhi,Banana,1350
06 Dec 2019,Delhi,Banana,1350
05 Dec 2019,Delhi,Banana,1350
04 Dec 2019,Delhi,Banana,1500
03 Dec 2019,Delhi,Banana,1625
02 Dec 2019,Delhi,Banana,1625
30 Nov 2019,Delhi,Banana,1625
29 Nov 2019,Delhi,Banana,1625
28 Nov 2019,Delhi,Banana,1625
27 Nov 2019,Delhi,Banana,1625
26 Nov 2019,Delhi,Banana,1625
25 Nov 2019,Delhi,Banana,1510
23 Nov 2019,Delhi,Banana,1510
22 Nov 2019,Delhi,Banana,1400
21 Nov 2019,Delhi,Banana,1400
20 Nov 2019,Delhi,Banana,1490
19 Nov 2019,Delhi,Banana,1700
16 Nov 2019,Delhi,Banana,1900
15 Nov 2019,Delhi,Banana,1900
14 Nov 2019,Delhi,Banana,1900
13 Nov 2019,Delhi,Banana,1975
12 Nov 2019,Delhi,Banana,1975
11 Nov 2019,Delhi,Banana,1975
09 Nov 2019,Delhi,Banana,1875
08 Nov 2019,Delhi,Banana,1875
07 Nov 2019,Delhi,Banana,1875
06 Nov 2019,Delhi,Banana,1875
05 Nov 2019,Delhi,Banana,1875
04 Nov 2019,Delhi,Banana,1950
02 Nov 2019,Delhi,Banana,1950
01 Nov 2019,Delhi,Banana,1875
31 Oct 2019,Delhi,Banana,1800
30 Oct 2019,Delhi,Banana,1800
29 Oct 2019,Delhi,Banana,1800
26 Oct 2019,Delhi,Banana,1800
25 Oct 2019,Delhi,Banana,1800
24 Oct 2019,Delhi,Banana,1950
23 Oct 2019,Delhi,Banana,1775
22 Oct 2019,Delhi,Banana,1975
21 Oct 2019,Delhi,Banana,1975
19 Oct 2019,Delhi,Banana,1900
18 Oct 2019,Delhi,Banana,1900
17 Oct 2019,Delhi,Banana,1750
16 Oct 2019,Delhi,Banana,1850
15 Oct 2019,Delhi,Banana,1850
14 Oct 2019,Delhi,Banana,1850
12 Oct 2019,Delhi,Banana,1875
11 Oct 2019,Delhi,Banana,1975
10 Oct 2019,Delhi,Banana,1975
09 Oct 2019,Delhi,Banana,1890
08 Oct 2019,Delhi,Banana,1890
07 Oct 2019,Delhi,Banana,1890
05 Oct 2019,Delhi,Banana,1890
04 Oct 2019,Delhi,Banana,1890
03 Oct 2019,Delhi,Banana,1890
01 Oct 2019,Delhi,Banana,1890
30 Sep 2019,Delhi,Banana,1890
28 Sep 2019,Delhi,Banana,1825
27 Sep 2019,Delhi,Banana,1800
26 Sep 2019,Delhi,Banana,1800
25 Sep 2019,Delhi,Banana,1800
24 Sep 2019,Delhi,Banana,1690
23 Sep 2019,Delhi,Banana,1650
21 Sep 2019,Delhi,Banana,1650
20 Sep 2019,Delhi,Banana,1650
19 Sep 2019,Delhi,Banana,1550
18 Sep 2019,Delhi,Banana,1450
17 Sep 2019,Delhi,Banana,1350
16 Sep 2019,Delhi,Banana,1350
14 Sep 2019,Delhi,Banana,1350
13 Sep 2019,Delhi,Banana,1350
12 Sep 2019,Delhi,Banana,1350
11 Sep 2019,Delhi,Banana,1350
10 Sep 2019,Delhi,Banana,1350
09 Sep 2019,Delhi,Banana,1350
07 Sep 2019,Delhi,Banana,1350
06 Sep 2019,Delhi,Banana,1350
05 Sep 2019,Delhi,Banana,1450
04 Sep 2019,Delhi,Banana,1775
03 Sep 2019,Delhi,Banana,1775
02 Sep 2019,Delhi,Banana,1775
31 Aug 2019,Delhi,Banana,1775
30 Aug 2019,Delhi,Banana,1775
29 Aug 2019,Delhi,Banana,1775
28 Aug 2019,Delhi,Banana,1775
27 Aug 2019,Delhi,Banana,1775
26 Aug 2019,Delhi,Banana,1775
24 Aug 2019,Delhi,Banana,1775
23 Aug 2019,Delhi,Banana,1775
22 Aug 2019,Delhi,Banana,1600
21 Aug 2019,Delhi,Banana,1600
20 Aug 2019,Delhi,Banana,1600
19 Aug 2019,Delhi,Banana,1600
17 Aug 2019,Delhi,Banana,1600
16 Aug 2019,Delhi,Banana,1500
14 Aug 2019,Delhi,Banana,1333
13 Aug 2019,Delhi,Banana,1233
12 Aug 2019,Delhi,Banana,1233
11 Aug 2019,Delhi,Banana,1233
09 Aug 2019,Delhi,Banana,1233
08 Aug 2019,Delhi,Banana,1233
07 Aug 2019,Delhi,Banana,1233
06 Aug 2019,Delhi,Banana,1233
05 Aug 2019,Delhi,Banana,1233
03 Aug 2019,Delhi,Banana,1233
02 Aug 2019,Delhi,Banana,1233
01 Aug 2019,Delhi,Banana,1233
31 Jul 2019,Delhi,Banana,1233
30 Jul 2019,Delhi,Banana,1233
29 Jul 2019,Delhi,Banana,1200
26 Jul 2019,Delhi,Banana,1200
25 Jul 2019,Delhi,Banana,1200
24 Jul 2019,Delhi,Banana,1200
23 Jul 2019,Delhi,Banana,1167
22 Jul 2019,Delhi,Banana,953
20 Jul 2019,Delhi,Banana,953
18 Jul 2019,Delhi,Banana,953
17 Jul 2019,Delhi,Banana,953
16 Jul 2019,Delhi,Banana,953
15 Jul 2019,Delhi,Banana,953
13 Jul 2019,Delhi,Banana,953
12 Jul 2019,Delhi,Banana,920
11 Jul 2019,Delhi,Banana,920
10 Jul 2019,Delhi,Banana,920
09 Jul 2019,Delhi,Banana,920
08 Jul 2019,Delhi,Banana,920
06 Jul 2019,Delhi,Banana,920
05 Jul 2019,Delhi,Banana,920
04 Jul 2019,Delhi,Banana,920
03 Jul 2019,Delhi,Banana,920
02 Jul 2019,Delhi,Banana,920
01 Jul 2019,Delhi,Banana,920
29 Jun 2019,Delhi,Banana,920
28 Jun 2019,Delhi,Banana,920
27 Jun 2019,Delhi,Banana,920
26 Jun 2019,Delhi,Banana,920
25 Jun 2019,Delhi,Banana,920
24 Jun 2019,Delhi,Banana,903
22 Jun 2019,Delhi,Banana,903
21 Jun 2019,Delhi,Banana,903
20 Jun 2019,Delhi,Banana,903
19 Jun 2019,Delhi,Banana,903
18 Jun 2019,Delhi,Banana,903
17 Jun 2019,Delhi,Banana,903
15 Jun 2019,Delhi,Banana,903
14 Jun 2019,Delhi,Banana,903
13 Jun 2019,Delhi,Banana,903
12 Jun 2019,Delhi,Banana,903
11 Jun 2019,Delhi,Banana,937
10 Jun 2019,Delhi,Banana,937
08 Jun 2019,Delhi,Banana,937
07 Jun 2019,Delhi,Banana,937
06 Jun 2019,Delhi,Banana,937
05 Jun 2019,Delhi,Banana,937
04 Jun 2019,Delhi,Banana,937
03 Jun 2019,Delhi,Banana,1167
01 Jun 2019,Delhi,Banana,1183
31 May 2019,Delhi,Banana,1183
30 May 2019,Delhi,Banana,1167
29 May 2019,Delhi,Banana,1167
28 May 2019,Delhi,Banana,1167
27 May 2019,Delhi,Banana,1167
25 May 2019,Delhi,Banana,1167
24 May 2019,Delhi,Banana,1167
23 May 2019,Delhi,Banana,1167
22 May 2019,Delhi,Banana,1167
21 May 2019,Delhi,Banana,1167
20 May 2019,Delhi,Banana,1167
18 May 2019,Delhi,Banana,1167
17 May 2019,Delhi,Banana,1167
16 May 2019,Delhi,Banana,1133
15 May 2019,Delhi,Banana,1133
14 May 2019,Delhi,Banana,1133
13 May 2019,Delhi,Banana,1133
11 May 2019,Delhi,Banana,1150
10 May 2019,Delhi,Banana,1150
09 May 2019,Delhi,Banana,1150
08 May 2019,Delhi,Banana,1150
07 May 2019,Delhi,Banana,1150
06 May 2019,Delhi,Banana,1150
04 May 2019,Delhi,Banana,1133
03 May 2019,Delhi,Banana,1133
02 May 2019,Delhi,Banana,1133
01 May 2019,Delhi,Banana,1133
30 Apr 2019,Delhi,Banana,1133
29 Apr 2019,Delhi,Banana,1133
27 Apr 2019,Delhi,Banana,1133
26 Apr 2019,Delhi,Banana,1133
25 Apr 2019,Delhi,Banana,1133
24 Apr 2019,Delhi,Banana,1133
23 Apr 2019,Delhi,Banana,1133
22 Apr 2019,Delhi,Banana,1150
20 Apr 2019,Delhi,Banana,1150
19 Apr 2019,Delhi,Banana,1150
18 Apr 2019,Delhi,Banana,1150
17 Apr 2019,Delhi,Banana,917
16 Apr 2019,Delhi,Banana,917
15 Apr 2019,Delhi,Banana,917
13 Apr 2019,Delhi,Banana,933
12 Apr 2019,Delhi,Banana,933
11 Apr 2019,Delhi,Banana,1093
10 Apr 2019,Delhi,Banana,1093
09 Apr 2019,Delhi,Banana,1093
08 Apr 2019,Delhi,Banana,1093
06 Apr 2019,Delhi,Banana,1060
05 Apr 2019,Delhi,Banana,1060
04 Apr 2019,Delhi,Banana,1060
03 Apr 2019,Delhi,Banana,1060
02 Apr 2019,Delhi,Banana,980
01 Apr 2019,Delhi,Banana,980
30 Mar 2019,Delhi,Banana,980
29 Mar 2019,Delhi,Banana,980
27 Mar 2019,Delhi,Banana,980
26 Mar 2019,Delhi,Banana,980
25 Mar 2019,Delhi,Banana,980
23 Mar 2019,Delhi,Banana,980
22 Mar 2019,Delhi,Banana,1013
20 Mar 2019,Delhi,Banana,1013
19 Mar 2019,Delhi,Banana,1013
18 Mar 2019,Delhi,Banana,1013
16 Mar 2019,Delhi,Banana,980
15 Mar 2019,Delhi,Banana,980
14 Mar 2019,Delhi,Banana,980
13 Mar 2019,Delhi,Banana,980
12 Mar 2019,Delhi,Banana,980
11 Mar 2019,Delhi,Banana,980
09 Mar 2019,Delhi,Banana,980
08 Mar 2019,Delhi,Banana,997
07 Mar 2019,Delhi,Banana,997
06 Mar 2019,Delhi,Banana,997
05 Mar 2019,Delhi,Banana,997
04 Mar 2019,Delhi,Banana,997
02 Mar 2019,Delhi,Banana,997
01 Mar 2019,Delhi,Banana,997
28 Feb 2019,Delhi,Banana,997
27 Feb 2019,Delhi,Banana,997
26 Feb 2019,Delhi,Banana,997
25 Feb 2019,Delhi,Banana,997
23 Feb 2019,Delhi,Banana,997
22 Feb 2019,Delhi,Banana,997
21 Feb 2019,Delhi,Banana,997
20 Feb 2019,Delhi,Banana,997
19 Feb 2019,Delhi,Banana,997
18 Feb 2019,Delhi,Banana,997
16 Feb 2019,Delhi,Banana,997
15 Feb 2019,Delhi,Banana,997
14 Feb 2019,Delhi,Banana,890
13 Feb 2019,Delhi,Banana,890
12 Feb 2019,Delhi,Banana,890
11 Feb 2019,Delhi,Banana,890
09 Feb 2019,Delhi,Banana,890
08 Feb 2019,Delhi,Banana,890
07 Feb 2019,Delhi,Banana,890
06 Feb 2019,Delhi,Banana,830
05 Feb 2019,Delhi,Banana,830
04 Feb 2019,Delhi,Banana,830
02 Feb 2019,Delhi,Banana,830
01 Feb 2019,Delhi,Banana,830
31 Jan 2019,Delhi,Banana,850
30 Jan 2019,Delhi,Banana,850
29 Jan 2019,Delhi,Banana,850
28 Jan 2019,Delhi,Banana,850
25 Jan 2019,Delhi,Banana,850
24 Jan 2019,Delhi,Banana,850
23 Jan 2019,Delhi,Banana,850
22 Jan 2019,Delhi,Banana,830
21 Jan 2019,Delhi,Banana,830
19 Jan 2019,Delhi,Banana,830
18 Jan 2019,Delhi,Banana,830
17 Jan 2019,Delhi,Banana,830
16 Jan 2019,Delhi,Banana,830
15 Jan 2019,Delhi,Banana,830
14 Jan 2019,Delhi,Banana,830
12 Jan 2019,Delhi,Banana,830
11 Jan 2019,Delhi,Banana,830
10 Jan 2019,Delhi,Banana,830
07 Jan 2019,Delhi,Banana,830
05 Jan 2019,Delhi,Banana,830
04 Jan 2019,Delhi,Banana,830
03 Jan 2019,Delhi,Banana,830
02 Jan 2019,Delhi,Banana,830
01 Jan 2019,Delhi,Banana,917
31 Dec 2018,Delhi,Banana,917
28 Dec 2018,Delhi,Banana,787
27 Dec 2018,Delhi,Banana,787
25 Dec 2018,Delhi,Banana,780
24 Dec 2018,Delhi,Banana,780
22 Dec 2018,Delhi,Banana,780
21 Dec 2018,Delhi,Banana,780
20 Dec 2018,Delhi,Banana,780
19 Dec 2018,Delhi,Banana,803
18 Dec 2018,Delhi,Banana,803
15 Dec 2018,Delhi,Banana,880
13 Dec 2018,Delhi,Banana,720
11 Dec 2018,Delhi,Banana,737
08 Dec 2018,Delhi,Banana,1277
07 Dec 2018,Delhi,Banana,1283
05 Dec 2018,Delhi,Banana,1283
01 Dec 2018,Delhi,Banana,1350
30 Nov 2018,Delhi,Banana,1350
29 Nov 2018,Delhi,Banana,1200
28 Nov 2018,Delhi,Banana,1200
24 Nov 2018,Delhi,Banana,1113
23 Nov 2018,Delhi,Banana,1013
22 Nov 2018,Delhi,Banana,1013
21 Nov 2018,Delhi,Banana,1013
19 Nov 2018,Delhi,Banana,1047
17 Nov 2018,Delhi,Banana,1047
16 Nov 2018,Delhi,Banana,1047
14 Nov 2018,Delhi,Banana,1047
13 Nov 2018,Delhi,Banana,1047
12 Nov 2018,Delhi,Banana,1047
09 Nov 2018,Delhi,Banana,1063
08 Nov 2018,Delhi,Banana,1063
06 Nov 2018,Delhi,Banana,1063
03 Nov 2018,Delhi,Banana,1127
02 Nov 2018,Delhi,Banana,1127
31 Oct 2018,Delhi,Banana,1110
30 Oct 2018,Delhi,Banana,1197
29 Oct 2018,Delhi,Banana,1197
27 Oct 2018,Delhi,Banana,1213
26 Oct 2018,Delhi,Banana,1213
23 Oct 2018,Delhi,Banana,1213
22 Oct 2018,Delhi,Banana,1213
20 Oct 2018,Delhi,Banana,1133
19 Oct 2018,Delhi,Banana,1147
18 Oct 2018,Delhi,Banana,1133
17 Oct 2018,Delhi,Banana,1163
16 Oct 2018,Delhi,Banana,1180
15 Oct 2018,Delhi,Banana,1180
12 Oct 2018,Delhi,Banana,1180
11 Oct 2018,Delhi,Banana,1180
09 Oct 2018,Delhi,Banana,1097
08 Oct 2018,Delhi,Banana,1080
05 Oct 2018,Delhi,Banana,1080
01 Oct 2018,Delhi,Banana,1080
29 Sep 2018,Delhi,Banana,1080
28 Sep 2018,Delhi,Banana,1097
27 Sep 2018,Delhi,Banana,1080
26 Sep 2018,Delhi,Banana,1080
24 Sep 2018,Delhi,Banana,1080
22 Sep 2018,Delhi,Banana,1080
21 Sep 2018,Delhi,Banana,1080
20 Sep 2018,Delhi,Banana,1080
18 Sep 2018,Delhi,Banana,1097
17 Sep 2018,Delhi,Banana,1130
15 Sep 2018,Delhi,Banana,1047
13 Sep 2018,Delhi,Banana,1047
12 Sep 2018,Delhi,Banana,1047
11 Sep 2018,Delhi,Banana,1030
10 Sep 2018,Delhi,Banana,1030
08 Sep 2018,Delhi,Banana,1030
07 Sep 2018,Delhi,Banana,1030
06 Sep 2018,Delhi,Banana,1030
05 Sep 2018,Delhi,Banana,1030
04 Sep 2018,Delhi,Banana,1030
03 Sep 2018,Delhi,Banana,1030
01 Sep 2018,Delhi,Banana,1030
31 Aug 2018,Delhi,Banana,1030
30 Aug 2018,Delhi,Banana,1030
29 Aug 2018,Delhi,Banana,1030
28 Aug 2018,Delhi,Banana,1047
27 Aug 2018,Delhi,Banana,1047
25 Aug 2018,Delhi,Banana,1027
24 Aug 2018,Delhi,Banana,1027
23 Aug 2018,Delhi,Banana,1027
22 Aug 2018,Delhi,Banana,1010
21 Aug 2018,Delhi,Banana,1010
20 Aug 2018,Delhi,Banana,1027
18 Aug 2018,Delhi,Banana,993
17 Aug 2018,Delhi,Banana,993
16 Aug 2018,Delhi,Banana,993
14 Aug 2018,Delhi,Banana,993
13 Aug 2018,Delhi,Banana,993
11 Aug 2018,Delhi,Banana,993
10 Aug 2018,Delhi,Banana,960
09 Aug 2018,Delhi,Banana,960
08 Aug 2018,Delhi,Banana,960
07 Aug 2018,Delhi,Banana,960
06 Aug 2018,Delhi,Banana,960
04 Aug 2018,Delhi,Banana,1183
03 Aug 2018,Delhi,Banana,1183
02 Aug 2018,Delhi,Banana,1183
01 Aug 2018,Delhi,Banana,1183
31 Jul 2018,Delhi,Banana,1183
30 Jul 2018,Delhi,Banana,1183
28 Jul 2018,Delhi,Banana,1183
27 Jul 2018,Delhi,Banana,1183
26 Jul 2018,Delhi,Banana,1183
25 Jul 2018,Delhi,Banana,1183
24 Jul 2018,Delhi,Banana,1183
23 Jul 2018,Delhi,Banana,1183
21 Jul 2018,Delhi,Banana,1183
20 Jul 2018,Delhi,Banana,1183
19 Jul 2018,Delhi,Banana,1183
18 Jul 2018,Delhi,Banana,1200
17 Jul 2018,Delhi,Banana,1183
16 Jul 2018,Delhi,Banana,1200
14 Jul 2018,Delhi,Banana,1183
13 Jul 2018,Delhi,Banana,1183
12 Jul 2018,Delhi,Banana,1183
11 Jul 2018,Delhi,Banana,1233
10 Jul 2018,Delhi,Banana,1233
09 Jul 2018,Delhi,Banana,1283
07 Jul 2018,Delhi,Banana,1283
06 Jul 2018,Delhi,Banana,1283
05 Jul 2018,Delhi,Banana,1283
04 Jul 2018,Delhi,Banana,1250
03 Jul 2018,Delhi,Banana,1283
02 Jul 2018,Delhi,Banana,1283
30 Jun 2018,Delhi,Banana,1283
29 Jun 2018,Delhi,Banana,1283
28 Jun 2018,Delhi,Banana,1283
27 Jun 2018,Delhi,Banana,1267
26 Jun 2018,Delhi,Banana,1283
25 Jun 2018,Delhi,Banana,1283
23 Jun 2018,Delhi,Banana,1283
22 Jun 2018,Delhi,Banana,1283
21 Jun 2018,Delhi,Banana,1300
20 Jun 2018,Delhi,Banana,1300
19 Jun 2018,Delhi,Banana,1300
18 Jun 2018,Delhi,Banana,1300
16 Jun 2018,Delhi,Banana,1300
15 Jun 2018,Delhi,Banana,1300
14 Jun 2018,Delhi,Banana,1283
13 Jun 2018,Delhi,Banana,1283
12 Jun 2018,Delhi,Banana,1300
11 Jun 2018,Delhi,Banana,1267
09 Jun 2018,Delhi,Banana,1267
08 Jun 2018,Delhi,Banana,1267
07 Jun 2018,Delhi,Banana,1267
06 Jun 2018,Delhi,Banana,1283
05 Jun 2018,Delhi,Banana,1317
04 Jun 2018,Delhi,Banana,1317
02 Jun 2018,Delhi,Banana,1317
01 Jun 2018,Delhi,Banana,1317
31 May 2018,Delhi,Banana,1300
30 May 2018,Delhi,Banana,1300
29 May 2018,Delhi,Banana,1300
28 May 2018,Delhi,Banana,1300
26 May 2018,Delhi,Banana,1290
25 May 2018,Delhi,Banana,1300
24 May 2018,Delhi,Banana,1300
23 May 2018,Delhi,Banana,1300
22 May 2018,Delhi,Banana,1300
21 May 2018,Delhi,Banana,1300
19 May 2018,Delhi,Banana,1317
18 May 2018,Delhi,Banana,1317
17 May 2018,Delhi,Banana,1263
16 May 2018,Delhi,Banana,1247
15 May 2018,Delhi,Banana,1247
14 May 2018,Delhi,Banana,1247
12 May 2018,Delhi,Banana,1247
11 May 2018,Delhi,Banana,1263
10 May 2018,Delhi,Banana,1247
09 May 2018,Delhi,Banana,1237
08 May 2018,Delhi,Banana,1247
07 May 2018,Delhi,Banana,1247
05 May 2018,Delhi,Banana,1247
04 May 2018,Delhi,Banana,1237
03 May 2018,Delhi,Banana,1247
02 May 2018,Delhi,Banana,1247
01 May 2018,Delhi,Banana,1247
30 Apr 2018,Delhi,Banana,1247
28 Apr 2018,Delhi,Banana,1237
26 Apr 2018,Delhi,Banana,1247
25 Apr 2018,Delhi,Banana,1247
24 Apr 2018,Delhi,Banana,1247
20 Apr 2018,Delhi,Banana,1247
19 Apr 2018,Delhi,Banana,1370
18 Apr 2018,Delhi,Banana,1370
17 Apr 2018,Delhi,Banana,1370
16 Apr 2018,Delhi,Banana,1320
14 Apr 2018,Delhi,Banana,1320
13 Apr 2018,Delhi,Banana,1320
12 Apr 2018,Delhi,Banana,1320
11 Apr 2018,Delhi,Banana,1295
10 Apr 2018,Delhi,Banana,1320
09 Apr 2018,Delhi,Banana,1320
07 Apr 2018,Delhi,Banana,1320
06 Apr 2018,Delhi,Banana,1320
05 Apr 2018,Delhi,Banana,1320
04 Apr 2018,Delhi,Banana,1295
03 Apr 2018,Delhi,Banana,1355
02 Apr 2018,Delhi,Banana,1355
31 Mar 2018,Delhi,Banana,1675
30 Mar 2018,Delhi,Banana,1660
29 Mar 2018,Delhi,Banana,1660
28 Mar 2018,Delhi,Banana,1670
27 Mar 2018,Delhi,Banana,1670
26 Mar 2018,Delhi,Banana,1670
24 Mar 2018,Delhi,Banana,1670
23 Mar 2018,Delhi,Banana,1670
22 Mar 2018,Delhi,Banana,1670
21 Mar 2018,Delhi,Banana,1725
20 Mar 2018,Delhi,Banana,1795
19 Mar 2018,Delhi,Banana,1695
17 Mar 2018,Delhi,Banana,1795
16 Mar 2018,Delhi,Banana,1795
15 Mar 2018,Delhi,Banana,1520
14 Mar 2018,Delhi,Banana,1495
13 Mar 2018,Delhi,Banana,1575
12 Mar 2018,Delhi,Banana,1575
10 Mar 2018,Delhi,Banana,1575
09 Mar 2018,Delhi,Banana,1575
08 Mar 2018,Delhi,Banana,1575
07 Mar 2018,Delhi,Banana,1575
06 Mar 2018,Delhi,Banana,1575
05 Mar 2018,Delhi,Banana,1575
03 Mar 2018,Delhi,Banana,1600
01 Mar 2018,Delhi,Banana,1600
28 Feb 2018,Delhi,Banana,1600
27 Feb 2018,Delhi,Banana,1600
26 Feb 2018,Delhi,Banana,1600
24 Feb 2018,Delhi,Banana,1600
23 Feb 2018,Delhi,Banana,1420
22 Feb 2018,Delhi,Banana,1420
21 Feb 2018,Delhi,Banana,1420
20 Feb 2018,Delhi,Banana,1595
19 Feb 2018,Delhi,Banana,1695
17 Feb 2018,Delhi,Banana,1400
16 Feb 2018,Delhi,Banana,1320
15 Feb 2018,Delhi,Banana,1300
14 Feb 2018,Delhi,Banana,1300
13 Feb 2018,Delhi,Banana,1335
12 Feb 2018,Delhi,Banana,1335
10 Feb 2018,Delhi,Banana,1345
09 Feb 2018,Delhi,Banana,1320
08 Feb 2018,Delhi,Banana,1320
07 Feb 2018,Delhi,Banana,1445
06 Feb 2018,Delhi,Banana,1445
05 Feb 2018,Delhi,Banana,1445
03 Feb 2018,Delhi,Banana,1415
02 Feb 2018,Delhi,Banana,1415
01 Feb 2018,Delhi,Banana,1415
31 Jan 2018,Delhi,Banana,1415
30 Jan 2018,Delhi,Banana,1415
29 Jan 2018,Delhi,Banana,1415
27 Jan 2018,Delhi,Banana,1415
25 Jan 2018,Delhi,Banana,1415
24 Jan 2018,Delhi,Banana,1590
23 Jan 2018,Delhi,Banana,1600
22 Jan 2018,Delhi,Banana,1500
20 Jan 2018,Delhi,Banana,1425
19 Jan 2018,Delhi,Banana,1025
18 Jan 2018,Delhi,Banana,1025
17 Jan 2018,Delhi,Banana,1025
16 Jan 2018,Delhi,Banana,1150
15 Jan 2018,Delhi,Banana,1175
13 Jan 2018,Delhi,Banana,1075
12 Jan 2018,Delhi,Banana,1025
11 Jan 2018,Delhi,Banana,950
10 Jan 2018,Delhi,Banana,800
09 Jan 2018,Delhi,Banana,800
08 Jan 2018,Delhi,Banana,800
06 Jan 2018,Delhi,Banana,800
05 Jan 2018,Delhi,Banana,800
04 Jan 2018,Delhi,Banana,825
03 Jan 2018,Delhi,Banana,1095
02 Jan 2018,Delhi,Banana,1095
01 Jan 2018,Delhi,Banana,1095
30 Dec 2017,Delhi,Banana,1175
29 Dec 2017,Delhi,Banana,1025
28 Dec 2017,Delhi,Banana,1025
27 Dec 2017,Delhi,Banana,1025
26 Dec 2017,Delhi,Banana,1025
25 Dec 2017,Delhi,Banana,1025
23 Dec 2017,Delhi,Banana,1025
22 Dec 2017,Delhi,Banana,1025
21 Dec 2017,Delhi,Banana,1025
20 Dec 2017,Delhi,Banana,1025
19 Dec 2017,Delhi,Banana,1025
18 Dec 2017,Delhi,Banana,1025
16 Dec 2017,Delhi,Banana,1025
15 Dec 2017,Delhi,Banana,1295
14 Dec 2017,Delhi,Banana,1385
13 Dec 2017,Delhi,Banana,1150
12 Dec 2017,Delhi,Banana,1150
11 Dec 2017,Delhi,Banana,1150
08 Dec 2017,Delhi,Banana,1150
07 Dec 2017,Delhi,Banana,1150
06 Dec 2017,Delhi,Banana,1150
05 Dec 2017,Delhi,Banana,1175
04 Dec 2017,Delhi,Banana,1175
02 Dec 2017,Delhi,Banana,1250
01 Dec 2017,Delhi,Banana,1250
30 Nov 2017,Delhi,Banana,1250
29 Nov 2017,Delhi,Banana,1250
28 Nov 2017,Delhi,Banana,1250
27 Nov 2017,Delhi,Banana,1225
25 Nov 2017,Delhi,Banana,1225
24 Nov 2017,Delhi,Banana,1345
23 Nov 2017,Delhi,Banana,1225
22 Nov 2017,Delhi,Banana,1305
21 Nov 2017,Delhi,Banana,1425
20 Nov 2017,Delhi,Banana,1245
18 Nov 2017,Delhi,Banana,1245
17 Nov 2017,Delhi,Banana,1450
16 Nov 2017,Delhi,Banana,1375
15 Nov 2017,Delhi,Banana,1025
14 Nov 2017,Delhi,Banana,1145
13 Nov 2017,Delhi,Banana,950
11 Nov 2017,Delhi,Banana,1025
10 Nov 2017,Delhi,Banana,1025
09 Nov 2017,Delhi,Banana,1025
08 Nov 2017,Delhi,Banana,1025
07 Nov 2017,Delhi,Banana,1200
06 Nov 2017,Delhi,Banana,1175
04 Nov 2017,Delhi,Banana,1050
03 Nov 2017,Delhi,Banana,1225
02 Nov 2017,Delhi,Banana,1025
01 Nov 2017,Delhi,Banana,1120
31 Oct 2017,Delhi,Banana,1025
30 Oct 2017,Delhi,Banana,1025
28 Oct 2017,Delhi,Banana,1025
27 Oct 2017,Delhi,Banana,1025
26 Oct 2017,Delhi,Banana,1025
25 Oct 2017,Delhi,Banana,1035
24 Oct 2017,Delhi,Banana,1025
23 Oct 2017,Delhi,Banana,1210
22 Oct 2017,Delhi,Banana,1210
21 Oct 2017,Delhi,Banana,1210
20 Oct 2017,Delhi,Banana,960
18 Oct 2017,Delhi,Banana,970
17 Oct 2017,Delhi,Banana,1000
16 Oct 2017,Delhi,Banana,1000
14 Oct 2017,Delhi,Banana,975
13 Oct 2017,Delhi,Banana,975
12 Oct 2017,Delhi,Banana,975
11 Oct 2017,Delhi,Banana,1000
10 Oct 2017,Delhi,Banana,1000
09 Oct 2017,Delhi,Banana,975
07 Oct 2017,Delhi,Banana,1025
06 Oct 2017,Delhi,Banana,1025
05 Oct 2017,Delhi,Banana,1000
04 Oct 2017,Delhi,Banana,1025
03 Oct 2017,Delhi,Banana,1145
30 Sep 2017,Delhi,Banana,1045
29 Sep 2017,Delhi,Banana,1265
28 Sep 2017,Delhi,Banana,1115
27 Sep 2017,Delhi,Banana,1200
26 Sep 2017,Delhi,Banana,1050
25 Sep 2017,Delhi,Banana,1025
23 Sep 2017,Delhi,Banana,1175
22 Sep 2017,Delhi,Banana,1175
21 Sep 2017,Delhi,Banana,1175
20 Sep 2017,Delhi,Banana,1070
19 Sep 2017,Delhi,Banana,1070
18 Sep 2017,Delhi,Banana,1045
16 Sep 2017,Delhi,Banana,1225
15 Sep 2017,Delhi,Banana,1145
14 Sep 2017,Delhi,Banana,1275
13 Sep 2017,Delhi,Banana,1145
12 Sep 2017,Delhi,Banana,1310
11 Sep 2017,Delhi,Banana,1255
09 Sep 2017,Delhi,Banana,1025
08 Sep 2017,Delhi,Banana,1295
07 Sep 2017,Delhi,Banana,1275
06 Sep 2017,Delhi,Banana,1375
05 Sep 2017,Delhi,Banana,1345
04 Sep 2017,Delhi,Banana,1160
02 Sep 2017,Delhi,Banana,1160
01 Sep 2017,Delhi,Banana,1340
31 Aug 2017,Delhi,Banana,1360
30 Aug 2017,Delhi,Banana,1360
29 Aug 2017,Delhi,Banana,1435
28 Aug 2017,Delhi,Banana,1375
26 Aug 2017,Delhi,Banana,1375
25 Aug 2017,Delhi,Banana,1410
24 Aug 2017,Delhi,Banana,1635
23 Aug 2017,Delhi,Banana,1535
22 Aug 2017,Delhi,Banana,1560
21 Aug 2017,Delhi,Banana,1560
19 Aug 2017,Delhi,Banana,1595
18 Aug 2017,Delhi,Banana,1510
17 Aug 2017,Delhi,Banana,1530
16 Aug 2017,Delhi,Banana,1750
14 Aug 2017,Delhi,Banana,1735
12 Aug 2017,Delhi,Banana,1615
11 Aug 2017,Delhi,Banana,1615
10 Aug 2017,Delhi,Banana,1635
09 Aug 2017,Delhi,Banana,1645
08 Aug 2017,Delhi,Banana,1645
07 Aug 2017,Delhi,Banana,1515
05 Aug 2017,Delhi,Banana,1545
04 Aug 2017,Delhi,Banana,1575
03 Aug 2017,Delhi,Banana,1695
01 Aug 2017,Delhi,Banana,1525
31 Jul 2017,Delhi,Banana,1520
29 Jul 2017,Delhi,Banana,1550
28 Jul 2017,Delhi,Banana,1550
27 Jul 2017,Delhi,Banana,1660
26 Jul 2017,Delhi,Banana,1660
25 Jul 2017,Delhi,Banana,1470
24 Jul 2017,Delhi,Banana,1675
22 Jul 2017,Delhi,Banana,1445
21 Jul 2017,Delhi,Banana,1430
20 Jul 2017,Delhi,Banana,1430
19 Jul 2017,Delhi,Banana,1430
18 Jul 2017,Delhi,Banana,1430
17 Jul 2017,Delhi,Banana,1445
15 Jul 2017,Delhi,Banana,1600
14 Jul 2017,Delhi,Banana,1635
13 Jul 2017,Delhi,Banana,1680
12 Jul 2017,Delhi,Banana,1475
11 Jul 2017,Delhi,Banana,1520
10 Jul 2017,Delhi,Banana,1520
08 Jul 2017,Delhi,Banana,1370
07 Jul 2017,Delhi,Banana,1650
06 Jul 2017,Delhi,Banana,1605
05 Jul 2017,Delhi,Banana,1605
04 Jul 2017,Delhi,Banana,1125
03 Jul 2017,Delhi,Banana,1175
01 Jul 2017,Delhi,Banana,1175
30 Jun 2017,Delhi,Banana,1485
29 Jun 2017,Delhi,Banana,1525
28 Jun 2017,Delhi,Banana,1495
27 Jun 2017,Delhi,Banana,1550
26 Jun 2017,Delhi,Banana,1550
24 Jun 2017,Delhi,Banana,1525
23 Jun 2017,Delhi,Banana,1483
22 Jun 2017,Delhi,Banana,1517
21 Jun 2017,Delhi,Banana,1463
20 Jun 2017,Delhi,Banana,1543
19 Jun 2017,Delhi,Banana,1543
17 Jun 2017,Delhi,Banana,1650
16 Jun 2017,Delhi,Banana,1450
15 Jun 2017,Delhi,Banana,1650
14 Jun 2017,Delhi,Banana,1580
13 Jun 2017,Delhi,Banana,1580
10 Jun 2017,Delhi,Banana,1250
09 Jun 2017,Delhi,Banana,1430
08 Jun 2017,Delhi,Banana,1327
07 Jun 2017,Delhi,Banana,1363
06 Jun 2017,Delhi,Banana,1210
05 Jun 2017,Delhi,Banana,1297
03 Jun 2017,Delhi,Banana,1190
02 Jun 2017,Delhi,Banana,1190
01 Jun 2017,Delhi,Banana,1127
31 May 2017,Delhi,Banana,1143
30 May 2017,Delhi,Banana,1143
29 May 2017,Delhi,Banana,1143
27 May 2017,Delhi,Banana,1053
26 May 2017,Delhi,Banana,1147
25 May 2017,Delhi,Banana,1147
24 May 2017,Delhi,Banana,1147
23 May 2017,Delhi,Banana,1163
22 May 2017,Delhi,Banana,1147
20 May 2017,Delhi,Banana,1147
19 May 2017,Delhi,Banana,1213
18 May 2017,Delhi,Banana,1213
17 May 2017,Delhi,Banana,1230
16 May 2017,Delhi,Banana,1213
15 May 2017,Delhi,Banana,1213
13 May 2017,Delhi,Banana,1217
12 May 2017,Delhi,Banana,1297
11 May 2017,Delhi,Banana,1330
10 May 2017,Delhi,Banana,1330
09 May 2017,Delhi,Banana,1170
08 May 2017,Delhi,Banana,1317
06 May 2017,Delhi,Banana,1317
05 May 2017,Delhi,Banana,1283
04 May 2017,Delhi,Banana,1283
03 May 2017,Delhi,Banana,1397
02 May 2017,Delhi,Banana,1413
01 May 2017,Delhi,Banana,1397
29 Apr 2017,Delhi,Banana,1290
28 Apr 2017,Delhi,Banana,1313
27 Apr 2017,Delhi,Banana,1313
26 Apr 2017,Delhi,Banana,1413
25 Apr 2017,Delhi,Banana,1447
24 Apr 2017,Delhi,Banana,1363
22 Apr 2017,Delhi,Banana,1363
21 Apr 2017,Delhi,Banana,1330
20 Apr 2017,Delhi,Banana,1330
19 Apr 2017,Delhi,Banana,1357
18 Apr 2017,Delhi,Banana,1407
17 Apr 2017,Delhi,Banana,1350
15 Apr 2017,Delhi,Banana,1333
14 Apr 2017,Delhi,Banana,1333
13 Apr 2017,Delhi,Banana,1333
12 Apr 2017,Delhi,Banana,1443
11 Apr 2017,Delhi,Banana,1443
10 Apr 2017,Delhi,Banana,1443
08 Apr 2017,Delhi,Banana,1575
07 Apr 2017,Delhi,Banana,1575
06 Apr 2017,Delhi,Banana,1750
05 Apr 2017,Delhi,Banana,1725
04 Apr 2017,Delhi,Banana,2025
03 Apr 2017,Delhi,Banana,2100
01 Apr 2017,Delhi,Banana,2100
31 Mar 2017,Delhi,Banana,2100
30 Mar 2017,Delhi,Banana,2100
29 Mar 2017,Delhi,Banana,2150
28 Mar 2017,Delhi,Banana,2125
27 Mar 2017,Delhi,Banana,2125
25 Mar 2017,Delhi,Banana,2150
24 Mar 2017,Delhi,Banana,2050
23 Mar 2017,Delhi,Banana,2050
22 Mar 2017,Delhi,Banana,1975
21 Mar 2017,Delhi,Banana,1975
20 Mar 2017,Delhi,Banana,1850
18 Mar 2017,Delhi,Banana,1600
17 Mar 2017,Delhi,Banana,1925
16 Mar 2017,Delhi,Banana,1925
15 Mar 2017,Delhi,Banana,1975
14 Mar 2017,Delhi,Banana,1950
11 Mar 2017,Delhi,Banana,1950
10 Mar 2017,Delhi,Banana,2125
09 Mar 2017,Delhi,Banana,2075
08 Mar 2017,Delhi,Banana,2075
07 Mar 2017,Delhi,Banana,1975
06 Mar 2017,Delhi,Banana,2150
04 Mar 2017,Delhi,Banana,2150
03 Mar 2017,Delhi,Banana,2125
02 Mar 2017,Delhi,Banana,2025
01 Mar 2017,Delhi,Banana,2125
28 Feb 2017,Delhi,Banana,2200
27 Feb 2017,Delhi,Banana,2150
25 Feb 2017,Delhi,Banana,2125
24 Feb 2017,Delhi,Banana,2125
23 Feb 2017,Delhi,Banana,2275
22 Feb 2017,Delhi,Banana,1825
21 Feb 2017,Delhi,Banana,1875
20 Feb 2017,Delhi,Banana,2150
18 Feb 2017,Delhi,Banana,2150
17 Feb 2017,Delhi,Banana,2025
16 Feb 2017,Delhi,Banana,1875
15 Feb 2017,Delhi,Banana,1875
14 Feb 2017,Delhi,Banana,1950
13 Feb 2017,Delhi,Banana,1850
11 Feb 2017,Delhi,Banana,1850
10 Feb 2017,Delhi,Banana,1850
09 Feb 2017,Delhi,Banana,1850
08 Feb 2017,Delhi,Banana,1775
07 Feb 2017,Delhi,Banana,1775
06 Feb 2017,Delhi,Banana,1675
04 Feb 2017,Delhi,Banana,1650
03 Feb 2017,Delhi,Banana,1750
02 Feb 2017,Delhi,Banana,1750
01 Feb 2017,Delhi,Banana,1750
31 Jan 2017,Delhi,Banana,1475
30 Jan 2017,Delhi,Banana,1650
28 Jan 2017,Delhi,Banana,1325
27 Jan 2017,Delhi,Banana,1325
25 Jan 2017,Delhi,Banana,1325
24 Jan 2017,Delhi,Banana,1000
23 Jan 2017,Delhi,Banana,1225
21 Jan 2017,Delhi,Banana,1225
20 Jan 2017,Delhi,Banana,1325
19 Jan 2017,Delhi,Banana,1450
18 Jan 2017,Delhi,Banana,1550
17 Jan 2017,Delhi,Banana,1450
16 Jan 2017,Delhi,Banana,1425
14 Jan 2017,Delhi,Banana,1450
13 Jan 2017,Delhi,Banana,1550
12 Jan 2017,Delhi,Banana,1550
11 Jan 2017,Delhi,Banana,1365
10 Jan 2017,Delhi,Banana,1365
09 Jan 2017,Delhi,Banana,875
07 Jan 2017,Delhi,Banana,975
06 Jan 2017,Delhi,Banana,975
05 Jan 2017,Delhi,Banana,1250
04 Jan 2017,Delhi,Banana,1250
03 Jan 2017,Delhi,Banana,1250
02 Jan 2017,Delhi,Banana,1250
31 Dec 2016,Delhi,Banana,1000
30 Dec 2016,Delhi,Banana,1000
29 Dec 2016,Delhi,Banana,1000
28 Dec 2016,Delhi,Banana,1000
27 Dec 2016,Delhi,Banana,1000
26 Dec 2016,Delhi,Banana,1025
24 Dec 2016,Delhi,Banana,1025
23 Dec 2016,Delhi,Banana,1025
22 Dec 2016,Delhi,Banana,1000
21 Dec 2016,Delhi,Banana,975
20 Dec 2016,Delhi,Banana,975
19 Dec 2016,Delhi,Banana,1100
17 Dec 2016,Delhi,Banana,1025
16 Dec 2016,Delhi,Banana,1025
15 Dec 2016,Delhi,Banana,785
14 Dec 2016,Delhi,Banana,1025
13 Dec 2016,Delhi,Banana,950
11 Dec 2016,Delhi,Banana,925
10 Dec 2016,Delhi,Banana,1095
09 Dec 2016,Delhi,Banana,950
08 Dec 2016,Delhi,Banana,950
07 Dec 2016,Delhi,Banana,950
06 Dec 2016,Delhi,Banana,935
05 Dec 2016,Delhi,Banana,975
03 Dec 2016,Delhi,Banana,975
02 Dec 2016,Delhi,Banana,975
01 Dec 2016,Delhi,Banana,765
30 Nov 2016,Delhi,Banana,790
29 Nov 2016,Delhi,Banana,790
28 Nov 2016,Delhi,Banana,810
26 Nov 2016,Delhi,Banana,800
25 Nov 2016,Delhi,Banana,800
24 Nov 2016,Delhi,Banana,860
23 Nov 2016,Delhi,Banana,875
22 Nov 2016,Delhi,Banana,875
21 Nov 2016,Delhi,Banana,1040
19 Nov 2016,Delhi,Banana,825
18 Nov 2016,Delhi,Banana,825
17 Nov 2016,Delhi,Banana,825
16 Nov 2016,Delhi,Banana,825
15 Nov 2016,Delhi,Banana,825
14 Nov 2016,Delhi,Banana,825
12 Nov 2016,Delhi,Banana,890
10 Nov 2016,Delhi,Banana,900
09 Nov 2016,Delhi,Banana,900
08 Nov 2016,Delhi,Banana,900
07 Nov 2016,Delhi,Banana,900
05 Nov 2016,Delhi,Banana,900
04 Nov 2016,Delhi,Banana,900
03 Nov 2016,Delhi,Banana,1050
02 Nov 2016,Delhi,Banana,1050
01 Nov 2016,Delhi,Banana,835
31 Oct 2016,Delhi,Banana,925
29 Oct 2016,Delhi,Banana,835
27 Oct 2016,Delhi,Banana,875
26 Oct 2016,Delhi,Banana,750
25 Oct 2016,Delhi,Banana,875
24 Oct 2016,Delhi,Banana,875
22 Oct 2016,Delhi,Banana,875
21 Oct 2016,Delhi,Banana,875
20 Oct 2016,Delhi,Banana,825
19 Oct 2016,Delhi,Banana,925
18 Oct 2016,Delhi,Banana,925
17 Oct 2016,Delhi,Banana,1025
15 Oct 2016,Delhi,Banana,970
14 Oct 2016,Delhi,Banana,970
13 Oct 2016,Delhi,Banana,970
12 Oct 2016,Delhi,Banana,970
11 Oct 2016,Delhi,Banana,970
10 Oct 2016,Delhi,Banana,1045
08 Oct 2016,Delhi,Banana,950
06 Oct 2016,Delhi,Banana,925
05 Oct 2016,Delhi,Banana,925
04 Oct 2016,Delhi,Banana,1120
03 Oct 2016,Delhi,Banana,1200
01 Oct 2016,Delhi,Banana,1300
30 Sep 2016,Delhi,Banana,1150
29 Sep 2016,Delhi,Banana,1410
28 Sep 2016,Delhi,Banana,1410
27 Sep 2016,Delhi,Banana,1300
26 Sep 2016,Delhi,Banana,1450
24 Sep 2016,Delhi,Banana,1500
22 Sep 2016,Delhi,Banana,1575
20 Sep 2016,Delhi,Banana,1575
19 Sep 2016,Delhi,Banana,1575
17 Sep 2016,Delhi,Banana,1600
16 Sep 2016,Delhi,Banana,1675
15 Sep 2016,Delhi,Banana,1825
13 Sep 2016,Delhi,Banana,1825
12 Sep 2016,Delhi,Banana,1875
10 Sep 2016,Delhi,Banana,1675
09 Sep 2016,Delhi,Banana,1775
08 Sep 2016,Delhi,Banana,1825
07 Sep 2016,Delhi,Banana,1650
06 Sep 2016,Delhi,Banana,1850
05 Sep 2016,Delhi,Banana,1850
03 Sep 2016,Delhi,Banana,1850
02 Sep 2016,Delhi,Banana,1850
01 Sep 2016,Delhi,Banana,1850
31 Aug 2016,Delhi,Banana,1850
30 Aug 2016,Delhi,Banana,1600
29 Aug 2016,Delhi,Banana,1950
27 Aug 2016,Delhi,Banana,1800
26 Aug 2016,Delhi,Banana,1700
25 Aug 2016,Delhi,Banana,1525
23 Aug 2016,Delhi,Banana,1525
22 Aug 2016,Delhi,Banana,1550
20 Aug 2016,Delhi,Banana,2050
19 Aug 2016,Delhi,Banana,2050
18 Aug 2016,Delhi,Banana,1850
17 Aug 2016,Delhi,Banana,1750
16 Aug 2016,Delhi,Banana,1575
13 Aug 2016,Delhi,Banana,1475
12 Aug 2016,Delhi,Banana,1475
11 Aug 2016,Delhi,Banana,1575
10 Aug 2016,Delhi,Banana,1625
09 Aug 2016,Delhi,Banana,1625
08 Aug 2016,Delhi,Banana,1700
06 Aug 2016,Delhi,Banana,1765
05 Aug 2016,Delhi,Banana,1700
04 Aug 2016,Delhi,Banana,1725
03 Aug 2016,Delhi,Banana,1750
02 Aug 2016,Delhi,Banana,2100
01 Aug 2016,Delhi,Banana,2100
30 Jul 2016,Delhi,Banana,2100
29 Jul 2016,Delhi,Banana,2100
28 Jul 2016,Delhi,Banana,1950
27 Jul 2016,Delhi,Banana,1950
26 Jul 2016,Delhi,Banana,1775
25 Jul 2016,Delhi,Banana,1775
23 Jul 2016,Delhi,Banana,1775
22 Jul 2016,Delhi,Banana,1550
21 Jul 2016,Delhi,Banana,1475
20 Jul 2016,Delhi,Banana,1550
19 Jul 2016,Delhi,Banana,1550
18 Jul 2016,Delhi,Banana,1375
16 Jul 2016,Delhi,Banana,1475
15 Jul 2016,Delhi,Banana,1500
14 Jul 2016,Delhi,Banana,1500
13 Jul 2016,Delhi,Banana,1575
12 Jul 2016,Delhi,Banana,1550
11 Jul 2016,Delhi,Banana,1675
09 Jul 2016,Delhi,Banana,1675
08 Jul 2016,Delhi,Banana,1650
07 Jul 2016,Delhi,Banana,1650
06 Jul 2016,Delhi,Banana,1625
05 Jul 2016,Delhi,Banana,1625
04 Jul 2016,Delhi,Banana,1675
02 Jul 2016,Delhi,Banana,1625
01 Jul 2016,Delhi,Banana,1625
30 Jun 2016,Delhi,Banana,1625
29 Jun 2016,Delhi,Banana,1625
28 Jun 2016,Delhi,Banana,1600
27 Jun 2016,Delhi,Banana,1650
25 Jun 2016,Delhi,Banana,1650
24 Jun 2016,Delhi,Banana,1650
23 Jun 2016,Delhi,Banana,1600
22 Jun 2016,Delhi,Banana,1375
21 Jun 2016,Delhi,Banana,1325
20 Jun 2016,Delhi,Banana,1350
18 Jun 2016,Delhi,Banana,1350
17 Jun 2016,Delhi,Banana,1350
16 Jun 2016,Delhi,Banana,1150
15 Jun 2016,Delhi,Banana,1125
14 Jun 2016,Delhi,Banana,1175
13 Jun 2016,Delhi,Banana,1125
11 Jun 2016,Delhi,Banana,1025
10 Jun 2016,Delhi,Banana,1100
09 Jun 2016,Delhi,Banana,1175
08 Jun 2016,Delhi,Banana,1175
07 Jun 2016,Delhi,Banana,1325
06 Jun 2016,Delhi,Banana,1275
04 Jun 2016,Delhi,Banana,1275
03 Jun 2016,Delhi,Banana,1275
02 Jun 2016,Delhi,Banana,1275
01 Jun 2016,Delhi,Banana,1275
31 May 2016,Delhi,Banana,1275
30 May 2016,Delhi,Banana,1275
28 May 2016,Delhi,Banana,1275
27 May 2016,Delhi,Banana,1275
26 May 2016,Delhi,Banana,1275
25 May 2016,Delhi,Banana,1275
24 May 2016,Delhi,Banana,1300
23 May 2016,Delhi,Banana,1300
21 May 2016,Delhi,Banana,1300
20 May 2016,Delhi,Banana,1300
19 May 2016,Delhi,Banana,1400
18 May 2016,Delhi,Banana,1400
17 May 2016,Delhi,Banana,1450
16 May 2016,Delhi,Banana,1475
14 May 2016,Delhi,Banana,1550
13 May 2016,Delhi,Banana,1550
12 May 2016,Delhi,Banana,1575
11 May 2016,Delhi,Banana,1575
10 May 2016,Delhi,Banana,1650
09 May 2016,Delhi,Banana,1600
07 May 2016,Delhi,Banana,1600
06 May 2016,Delhi,Banana,1700
05 May 2016,Delhi,Banana,1600
04 May 2016,Delhi,Banana,1600
03 May 2016,Delhi,Banana,1500
02 May 2016,Delhi,Banana,1500
30 Apr 2016,Delhi,Banana,1500
29 Apr 2016,Delhi,Banana,1425
28 Apr 2016,Delhi,Banana,1400
27 Apr 2016,Delhi,Banana,1475
26 Apr 2016,Delhi,Banana,1450
25 Apr 2016,Delhi,Banana,1450
23 Apr 2016,Delhi,Banana,1600
22 Apr 2016,Delhi,Banana,1650
21 Apr 2016,Delhi,Banana,1650
20 Apr 2016,Delhi,Banana,1400
19 Apr 2016,Delhi,Banana,1500
18 Apr 2016,Delhi,Banana,1375
16 Apr 2016,Delhi,Banana,1375
15 Apr 2016,Delhi,Banana,1575
14 Apr 2016,Delhi,Banana,1500
13 Apr 2016,Delhi,Banana,1575
12 Apr 2016,Delhi,Banana,1800
09 Apr 2016,Delhi,Banana,1550
08 Apr 2016,Delhi,Banana,1700
07 Apr 2016,Delhi,Banana,1750
06 Apr 2016,Delhi,Banana,1800
05 Apr 2016,Delhi,Banana,1433
04 Apr 2016,Delhi,Banana,1483
02 Apr 2016,Delhi,Banana,1438
01 Apr 2016,Delhi,Banana,1438
31 Mar 2016,Delhi,Banana,1017
30 Mar 2016,Delhi,Banana,1017
29 Mar 2016,Delhi,Banana,1033
28 Mar 2016,Delhi,Banana,1033
26 Mar 2016,Delhi,Banana,833
25 Mar 2016,Delhi,Banana,833
23 Mar 2016,Delhi,Banana,833
22 Mar 2016,Delhi,Banana,850
21 Mar 2016,Delhi,Banana,1000
19 Mar 2016,Delhi,Banana,1000
18 Mar 2016,Delhi,Banana,1000
17 Mar 2016,Delhi,Banana,1000
16 Mar 2016,Delhi,Banana,827
15 Mar 2016,Delhi,Banana,893
14 Mar 2016,Delhi,Banana,933
12 Mar 2016,Delhi,Banana,1150
12 Mar 2016,Delhi,Banana,900
12 Mar 2016,Delhi,Banana,750
11 Mar 2016,Delhi,Banana,1150
11 Mar 2016,Delhi,Banana,900
11 Mar 2016,Delhi,Banana,750
10 Mar 2016,Delhi,Banana,1150
10 Mar 2016,Delhi,Banana,900
10 Mar 2016,Delhi,Banana,750
09 Mar 2016,Delhi,Banana,1100
09 Mar 2016,Delhi,Banana,900
09 Mar 2016,Delhi,Banana,750
08 Mar 2016,Delhi,Banana,1000
08 Mar 2016,Delhi,Banana,800
08 Mar 2016,Delhi,Banana,650
07 Mar 2016,Delhi,Banana,817
05 Mar 2016,Delhi,Banana,1200
05 Mar 2016,Delhi,Banana,900
05 Mar 2016,Delhi,Banana,700
04 Mar 2016,Delhi,Banana,1250
04 Mar 2016,Delhi,Banana,1000
04 Mar 2016,Delhi,Banana,800
03 Mar 2016,Delhi,Banana,1125
02 Mar 2016,Delhi,Banana,1100
02 Mar 2016,Delhi,Banana,900
02 Mar 2016,Delhi,Banana,750
01 Mar 2016,Delhi,Banana,1250
01 Mar 2016,Delhi,Banana,950
01 Mar 2016,Delhi,Banana,650
29 Feb 2016,Delhi,Banana,1250
29 Feb 2016,Delhi,Banana,950
29 Feb 2016,Delhi,Banana,650
27 Feb 2016,Delhi,Banana,1200
27 Feb 2016,Delhi,Banana,900
27 Feb 2016,Delhi,Banana,650
26 Feb 2016,Delhi,Banana,1100
26 Feb 2016,Delhi,Banana,900
26 Feb 2016,Delhi,Banana,650
25 Feb 2016,Delhi,Banana,883
24 Feb 2016,Delhi,Banana,1050
23 Feb 2016,Delhi,Banana,950
22 Feb 2016,Delhi,Banana,950
20 Feb 2016,Delhi,Banana,950
19 Feb 2016,Delhi,Banana,1000
18 Feb 2016,Delhi,Banana,1000
17 Feb 2016,Delhi,Banana,1000
16 Feb 2016,Delhi,Banana,1050
15 Feb 2016,Delhi,Banana,1050
13 Feb 2016,Delhi,Banana,950
12 Feb 2016,Delhi,Banana,1050
11 Feb 2016,Delhi,Banana,1100
10 Feb 2016,Delhi,Banana,1150
08 Feb 2016,Delhi,Banana,1200
06 Feb 2016,Delhi,Banana,900
05 Feb 2016,Delhi,Banana,900
04 Feb 2016,Delhi,Banana,900
03 Feb 2016,Delhi,Banana,950
02 Feb 2016,Delhi,Banana,1000
01 Feb 2016,Delhi,Banana,1050
30 Jan 2016,Delhi,Banana,1000
28 Jan 2016,Delhi,Banana,1000
27 Jan 2016,Delhi,Banana,850
25 Jan 2016,Delhi,Banana,850
23 Jan 2016,Delhi,Banana,850
22 Jan 2016,Delhi,Banana,900
21 Jan 2016,Delhi,Banana,900
20 Jan 2016,Delhi,Banana,900
19 Jan 2016,Delhi,Banana,900
18 Jan 2016,Delhi,Banana,900
16 Jan 2016,Delhi,Banana,850
15 Jan 2016,Delhi,Banana,850
14 Jan 2016,Delhi,Banana,900
13 Jan 2016,Delhi,Banana,900
12 Jan 2016,Delhi,Banana,800
11 Jan 2016,Delhi,Banana,850
09 Jan 2016,Delhi,Banana,850
08 Jan 2016,Delhi,Banana,800
07 Jan 2016,Delhi,Banana,850
06 Jan 2016,Delhi,Banana,800
05 Jan 2016,Delhi,Banana,800
04 Jan 2016,Delhi,Banana,800
02 Jan 2016,Delhi,Banana,900
01 Jan 2016,Delhi,Banana,900
31 Dec 2015,Delhi,Banana,950
30 Dec 2015,Delhi,Banana,950
29 Dec 2015,Delhi,Banana,900
28 Dec 2015,Delhi,Banana,900
26 Dec 2015,Delhi,Banana,850
25 Dec 2015,Delhi,Banana,850
24 Dec 2015,Delhi,Banana,800
23 Dec 2015,Delhi,Banana,800
22 Dec 2015,Delhi,Banana,800
21 Dec 2015,Delhi,Banana,800
19 Dec 2015,Delhi,Banana,900
18 Dec 2015,Delhi,Banana,950
17 Dec 2015,Delhi,Banana,1000
16 Dec 2015,Delhi,Banana,900
15 Dec 2015,Delhi,Banana,950
14 Dec 2015,Delhi,Banana,950
12 Dec 2015,Delhi,Banana,950
11 Dec 2015,Delhi,Banana,950
10 Dec 2015,Delhi,Banana,1000
09 Dec 2015,Delhi,Banana,1000
08 Dec 2015,Delhi,Banana,1000
07 Dec 2015,Delhi,Banana,1000
05 Dec 2015,Delhi,Banana,1000
04 Dec 2015,Delhi,Banana,950
03 Dec 2015,Delhi,Banana,1150
02 Dec 2015,Delhi,Banana,1150
01 Dec 2015,Delhi,Banana,1200
30 Nov 2015,Delhi,Banana,1200
28 Nov 2015,Delhi,Banana,1200
27 Nov 2015,Delhi,Banana,1200
26 Nov 2015,Delhi,Banana,1250
25 Nov 2015,Delhi,Banana,1250
24 Nov 2015,Delhi,Banana,1200
23 Nov 2015,Delhi,Banana,1200
21 Nov 2015,Delhi,Banana,1200
20 Nov 2015,Delhi,Banana,1200
19 Nov 2015,Delhi,Banana,1200
18 Nov 2015,Delhi,Banana,1200
17 Nov 2015,Delhi,Banana,1200
16 Nov 2015,Delhi,Banana,1300
14 Nov 2015,Delhi,Banana,1250
13 Nov 2015,Delhi,Banana,1250
12 Nov 2015,Delhi,Banana,1300
11 Nov 2015,Delhi,Banana,1250
10 Nov 2015,Delhi,Banana,1250
09 Nov 2015,Delhi,Banana,1300
07 Nov 2015,Delhi,Banana,1300
06 Nov 2015,Delhi,Banana,1300
05 Nov 2015,Delhi,Banana,1250
04 Nov 2015,Delhi,Banana,1300
03 Nov 2015,Delhi,Banana,1300
02 Nov 2015,Delhi,Banana,1280
31 Oct 2015,Delhi,Banana,1400
30 Oct 2015,Delhi,Banana,1300
29 Oct 2015,Delhi,Banana,1280
28 Oct 2015,Delhi,Banana,1200
27 Oct 2015,Delhi,Banana,1180
26 Oct 2015,Delhi,Banana,1180
24 Oct 2015,Delhi,Banana,1350
22 Oct 2015,Delhi,Banana,1400
21 Oct 2015,Delhi,Banana,1350
20 Oct 2015,Delhi,Banana,1550
19 Oct 2015,Delhi,Banana,1550
17 Oct 2015,Delhi,Banana,1500
16 Oct 2015,Delhi,Banana,1550
15 Oct 2015,Delhi,Banana,1300
14 Oct 2015,Delhi,Banana,1350
13 Oct 2015,Delhi,Banana,900
12 Oct 2015,Delhi,Banana,850
10 Oct 2015,Delhi,Banana,1250
09 Oct 2015,Delhi,Banana,1250
08 Oct 2015,Delhi,Banana,1250
07 Oct 2015,Delhi,Banana,1250
06 Oct 2015,Delhi,Banana,1100
05 Oct 2015,Delhi,Banana,1000
03 Oct 2015,Delhi,Banana,1050
01 Oct 2015,Delhi,Banana,1100
30 Sep 2015,Delhi,Banana,1150
29 Sep 2015,Delhi,Banana,1150
28 Sep 2015,Delhi,Banana,1150
26 Sep 2015,Delhi,Banana,1150
25 Sep 2015,Delhi,Banana,1150
24 Sep 2015,Delhi,Banana,1200
23 Sep 2015,Delhi,Banana,1200
22 Sep 2015,Delhi,Banana,1200
21 Sep 2015,Delhi,Banana,1200
19 Sep 2015,Delhi,Banana,1200
18 Sep 2015,Delhi,Banana,1150
17 Sep 2015,Delhi,Banana,1100
16 Sep 2015,Delhi,Banana,1100
15 Sep 2015,Delhi,Banana,1000
14 Sep 2015,Delhi,Banana,960
12 Sep 2015,Delhi,Banana,1100
11 Sep 2015,Delhi,Banana,1250
10 Sep 2015,Delhi,Banana,1250
09 Sep 2015,Delhi,Banana,1250
08 Sep 2015,Delhi,Banana,1300
07 Sep 2015,Delhi,Banana,1250
05 Sep 2015,Delhi,Banana,1300
04 Sep 2015,Delhi,Banana,1250
03 Sep 2015,Delhi,Banana,1300
02 Sep 2015,Delhi,Banana,1300
01 Sep 2015,Delhi,Banana,1400
31 Aug 2015,Delhi,Banana,1150
29 Aug 2015,Delhi,Banana,1150
28 Aug 2015,Delhi,Banana,1000
27 Aug 2015,Delhi,Banana,1180
26 Aug 2015,Delhi,Banana,1280
25 Aug 2015,Delhi,Banana,1200
24 Aug 2015,Delhi,Banana,1250
22 Aug 2015,Delhi,Banana,1150
21 Aug 2015,Delhi,Banana,1160
20 Aug 2015,Delhi,Banana,1250
19 Aug 2015,Delhi,Banana,1300
18 Aug 2015,Delhi,Banana,1150
17 Aug 2015,Delhi,Banana,1150
14 Aug 2015,Delhi,Banana,1250
13 Aug 2015,Delhi,Banana,1150
12 Aug 2015,Delhi,Banana,1150
11 Aug 2015,Delhi,Banana,1350
10 Aug 2015,Delhi,Banana,1350
08 Aug 2015,Delhi,Banana,1300
07 Aug 2015,Delhi,Banana,1300
06 Aug 2015,Delhi,Banana,1150
05 Aug 2015,Delhi,Banana,1150
04 Aug 2015,Delhi,Banana,1150
03 Aug 2015,Delhi,Banana,1250
01 Aug 2015,Delhi,Banana,1250
31 Jul 2015,Delhi,Banana,1250
30 Jul 2015,Delhi,Banana,1150
27 Jul 2015,Delhi,Banana,1000
25 Jul 2015,Delhi,Banana,1050
24 Jul 2015,Delhi,Banana,1050
23 Jul 2015,Delhi,Banana,1050
22 Jul 2015,Delhi,Banana,1100
20 Jul 2015,Delhi,Banana,1050
18 Jul 2015,Delhi,Banana,1000
15 Jul 2015,Delhi,Banana,1260
14 Jul 2015,Delhi,Banana,1050
13 Jul 2015,Delhi,Banana,1080
11 Jul 2015,Delhi,Banana,1050
10 Jul 2015,Delhi,Banana,1000
09 Jul 2015,Delhi,Banana,1200
08 Jul 2015,Delhi,Banana,1100
07 Jul 2015,Delhi,Banana,1300
06 Jul 2015,Delhi,Banana,1300
04 Jul 2015,Delhi,Banana,1300
03 Jul 2015,Delhi,Banana,1300
02 Jul 2015,Delhi,Banana,1350
30 Jun 2015,Delhi,Banana,1250
29 Jun 2015,Delhi,Banana,1250
27 Jun 2015,Delhi,Banana,1350
26 Jun 2015,Delhi,Banana,1400
25 Jun 2015,Delhi,Banana,1450
24 Jun 2015,Delhi,Banana,1450
23 Jun 2015,Delhi,Banana,1400
22 Jun 2015,Delhi,Banana,1500
20 Jun 2015,Delhi,Banana,1450
19 Jun 2015,Delhi,Banana,1450
18 Jun 2015,Delhi,Banana,1300
17 Jun 2015,Delhi,Banana,1250
16 Jun 2015,Delhi,Banana,1300
15 Jun 2015,Delhi,Banana,1250
13 Jun 2015,Delhi,Banana,1250
12 Jun 2015,Delhi,Banana,1250
11 Jun 2015,Delhi,Banana,1250
10 Jun 2015,Delhi,Banana,1200
09 Jun 2015,Delhi,Banana,1300
08 Jun 2015,Delhi,Banana,1300
06 Jun 2015,Delhi,Banana,1200
05 Jun 2015,Delhi,Banana,1000
04 Jun 2015,Delhi,Banana,1000
03 Jun 2015,Delhi,Banana,1200
02 Jun 2015,Delhi,Banana,1200
01 Jun 2015,Delhi,Banana,1300
30 May 2015,Delhi,Banana,1200
29 May 2015,Delhi,Banana,1250
28 May 2015,Delhi,Banana,1200
27 May 2015,Delhi,Banana,1300
26 May 2015,Delhi,Banana,1300
23 May 2015,Delhi,Banana,1300
22 May 2015,Delhi,Banana,1300
21 May 2015,Delhi,Banana,1500
20 May 2015,Delhi,Banana,1500
19 May 2015,Delhi,Banana,1500
18 May 2015,Delhi,Banana,1500
16 May 2015,Delhi,Banana,1750
15 May 2015,Delhi,Banana,1600
14 May 2015,Delhi,Banana,1450
13 May 2015,Delhi,Banana,1300
12 May 2015,Delhi,Banana,1200
11 May 2015,Delhi,Banana,1200
09 May 2015,Delhi,Banana,1300
08 May 2015,Delhi,Banana,1300
07 May 2015,Delhi,Banana,1300
06 May 2015,Delhi,Banana,1100
05 May 2015,Delhi,Banana,1100
04 May 2015,Delhi,Banana,1200
02 May 2015,Delhi,Banana,1100
01 May 2015,Delhi,Banana,1100
30 Apr 2015,Delhi,Banana,1100
29 Apr 2015,Delhi,Banana,1100
28 Apr 2015,Delhi,Banana,1300
27 Apr 2015,Delhi,Banana,1600
25 Apr 2015,Delhi,Banana,1600
24 Apr 2015,Delhi,Banana,1600
23 Apr 2015,Delhi,Banana,1200
22 Apr 2015,Delhi,Banana,1400
21 Apr 2015,Delhi,Banana,1400
20 Apr 2015,Delhi,Banana,1300
18 Apr 2015,Delhi,Banana,1000
17 Apr 2015,Delhi,Banana,1000
16 Apr 2015,Delhi,Banana,1100
15 Apr 2015,Delhi,Banana,1100
14 Apr 2015,Delhi,Banana,1100
13 Apr 2015,Delhi,Banana,1100
11 Apr 2015,Delhi,Banana,1100
10 Apr 2015,Delhi,Banana,1100
09 Apr 2015,Delhi,Banana,1100
08 Apr 2015,Delhi,Banana,1100
07 Apr 2015,Delhi,Banana,1200
06 Apr 2015,Delhi,Banana,1200
04 Apr 2015,Delhi,Banana,1400
03 Apr 2015,Delhi,Banana,1500
02 Apr 2015,Delhi,Banana,1250
01 Apr 2015,Delhi,Banana,1250
31 Mar 2015,Delhi,Banana,1200
30 Mar 2015,Delhi,Banana,1200
28 Mar 2015,Delhi,Banana,1500
27 Mar 2015,Delhi,Banana,1500
26 Mar 2015,Delhi,Banana,1500
25 Mar 2015,Delhi,Banana,1400
24 Mar 2015,Delhi,Banana,1500
23 Mar 2015,Delhi,Banana,1500
21 Mar 2015,Delhi,Banana,1500
20 Mar 2015,Delhi,Banana,1500
19 Mar 2015,Delhi,Banana,1500
18 Mar 2015,Delhi,Banana,1800
17 Mar 2015,Delhi,Banana,1800
16 Mar 2015,Delhi,Banana,1600
14 Mar 2015,Delhi,Banana,1400
13 Mar 2015,Delhi,Banana,1450
12 Mar 2015,Delhi,Banana,1500
11 Mar 2015,Delhi,Banana,1350
10 Mar 2015,Delhi,Banana,1350
09 Mar 2015,Delhi,Banana,1500
07 Mar 2015,Delhi,Banana,1500
05 Mar 2015,Delhi,Banana,1400
04 Mar 2015,Delhi,Banana,1400
03 Mar 2015,Delhi,Banana,1400
02 Mar 2015,Delhi,Banana,1500
28 Feb 2015,Delhi,Banana,1500
27 Feb 2015,Delhi,Banana,1300
26 Feb 2015,Delhi,Banana,1500
25 Feb 2015,Delhi,Banana,1500
23 Feb 2015,Delhi,Banana,1700
21 Feb 2015,Delhi,Banana,1650
20 Feb 2015,Delhi,Banana,1600
19 Feb 2015,Delhi,Banana,1700
18 Feb 2015,Delhi,Banana,1600
17 Feb 2015,Delhi,Banana,1600
16 Feb 2015,Delhi,Banana,1750
14 Feb 2015,Delhi,Banana,1700
13 Feb 2015,Delhi,Banana,1600
11 Feb 2015,Delhi,Banana,1600
10 Feb 2015,Delhi,Banana,1600
09 Feb 2015,Delhi,Banana,1500
06 Feb 2015,Delhi,Banana,1600
05 Feb 2015,Delhi,Banana,1500
04 Feb 2015,Delhi,Banana,1500
03 Feb 2015,Delhi,Banana,1500
02 Feb 2015,Delhi,Banana,1500
31 Jan 2015,Delhi,Banana,1400
30 Jan 2015,Delhi,Banana,1400
29 Jan 2015,Delhi,Banana,1500
28 Jan 2015,Delhi,Banana,1600
27 Jan 2015,Delhi,Banana,1600
24 Jan 2015,Delhi,Banana,1600
23 Jan 2015,Delhi,Banana,1600
22 Jan 2015,Delhi,Banana,1600
21 Jan 2015,Delhi,Banana,1500
20 Jan 2015,Delhi,Banana,1480
17 Jan 2015,Delhi,Banana,1450
16 Jan 2015,Delhi,Banana,1350
15 Jan 2015,Delhi,Banana,1400
14 Jan 2015,Delhi,Banana,1450
13 Jan 2015,Delhi,Banana,1400
12 Jan 2015,Delhi,Banana,1350
10 Jan 2015,Delhi,Banana,1450
09 Jan 2015,Delhi,Banana,1350
08 Jan 2015,Delhi,Banana,1450
07 Jan 2015,Delhi,Banana,1500
06 Jan 2015,Delhi,Banana,1400
05 Jan 2015,Delhi,Banana,1625
03 Jan 2015,Delhi,Banana,1600
02 Jan 2015,Delhi,Banana,1700
01 Jan 2015,Delhi,Banana,1650
31 Dec 2014,Delhi,Banana,1165
30 Dec 2014,Delhi,Banana,1165
29 Dec 2014,Delhi,Banana,1200
27 Dec 2014,Delhi,Banana,1275
26 Dec 2014,Delhi,Banana,1300
25 Dec 2014,Delhi,Banana,1300
24 Dec 2014,Delhi,Banana,1300
23 Dec 2014,Delhi,Banana,1275
22 Dec 2014,Delhi,Banana,1275
20 Dec 2014,Delhi,Banana,1352
19 Dec 2014,Delhi,Banana,1275
18 Dec 2014,Delhi,Banana,900
17 Dec 2014,Delhi,Banana,900
16 Dec 2014,Delhi,Banana,1000
15 Dec 2014,Delhi,Banana,1300
13 Dec 2014,Delhi,Banana,1300
12 Dec 2014,Delhi,Banana,1400
11 Dec 2014,Delhi,Banana,1400
09 Dec 2014,Delhi,Banana,1500
08 Dec 2014,Delhi,Banana,1500
06 Dec 2014,Delhi,Banana,1500
05 Dec 2014,Delhi,Banana,1100
04 Dec 2014,Delhi,Banana,1575
03 Dec 2014,Delhi,Banana,1425
02 Dec 2014,Delhi,Banana,1413
01 Dec 2014,Delhi,Banana,1463
29 Nov 2014,Delhi,Banana,1400
28 Nov 2014,Delhi,Banana,1190
27 Nov 2014,Delhi,Banana,1375
26 Nov 2014,Delhi,Banana,1350
25 Nov 2014,Delhi,Banana,1350
24 Nov 2014,Delhi,Banana,1350
22 Nov 2014,Delhi,Banana,1350
21 Nov 2014,Delhi,Banana,1350
20 Nov 2014,Delhi,Banana,1525
19 Nov 2014,Delhi,Banana,1600
18 Nov 2014,Delhi,Banana,1350
17 Nov 2014,Delhi,Banana,1225
15 Nov 2014,Delhi,Banana,1250
14 Nov 2014,Delhi,Banana,1300
13 Nov 2014,Delhi,Banana,1500
12 Nov 2014,Delhi,Banana,1350
11 Nov 2014,Delhi,Banana,1350
10 Nov 2014,Delhi,Banana,1350
08 Nov 2014,Delhi,Banana,1450
07 Nov 2014,Delhi,Banana,1350
06 Nov 2014,Delhi,Banana,1400
05 Nov 2014,Delhi,Banana,1350
04 Nov 2014,Delhi,Banana,1350
03 Nov 2014,Delhi,Banana,1400
01 Nov 2014,Delhi,Banana,1425
30 Oct 2014,Delhi,Banana,1400
29 Oct 2014,Delhi,Banana,1400
28 Oct 2014,Delhi,Banana,1350
27 Oct 2014,Delhi,Banana,1530
25 Oct 2014,Delhi,Banana,1500
24 Oct 2014,Delhi,Banana,1250
21 Oct 2014,Delhi,Banana,1350
18 Oct 2014,Delhi,Banana,1425
17 Oct 2014,Delhi,Banana,1450
15 Oct 2014,Delhi,Banana,1200
14 Oct 2014,Delhi,Banana,1200
11 Oct 2014,Delhi,Banana,1350
10 Oct 2014,Delhi,Banana,1450
09 Oct 2014,Delhi,Banana,1450
08 Oct 2014,Delhi,Banana,1450
07 Oct 2014,Delhi,Banana,1450
06 Oct 2014,Delhi,Banana,1500
04 Oct 2014,Delhi,Banana,1400
01 Oct 2014,Delhi,Banana,1500
30 Sep 2014,Delhi,Banana,1500
29 Sep 2014,Delhi,Banana,1500
27 Sep 2014,Delhi,Banana,1445
25 Sep 2014,Delhi,Banana,1400
24 Sep 2014,Delhi,Banana,1500
23 Sep 2014,Delhi,Banana,1450
22 Sep 2014,Delhi,Banana,1300
20 Sep 2014,Delhi,Banana,1475
19 Sep 2014,Delhi,Banana,1600
18 Sep 2014,Delhi,Banana,1250
17 Sep 2014,Delhi,Banana,1250
16 Sep 2014,Delhi,Banana,1250
15 Sep 2014,Delhi,Banana,1200
13 Sep 2014,Delhi,Banana,1400
12 Sep 2014,Delhi,Banana,1233
11 Sep 2014,Delhi,Banana,1214
10 Sep 2014,Delhi,Banana,1300
08 Sep 2014,Delhi,Banana,1154
06 Sep 2014,Delhi,Banana,1150
05 Sep 2014,Delhi,Banana,1220
03 Sep 2014,Delhi,Banana,1250
02 Sep 2014,Delhi,Banana,1201
01 Sep 2014,Delhi,Banana,1200
30 Aug 2014,Delhi,Banana,1150
29 Aug 2014,Delhi,Banana,1200
27 Aug 2014,Delhi,Banana,1100
26 Aug 2014,Delhi,Banana,1000
25 Aug 2014,Delhi,Banana,975
23 Aug 2014,Delhi,Banana,1226
22 Aug 2014,Delhi,Banana,1236
21 Aug 2014,Delhi,Banana,1300
19 Aug 2014,Delhi,Banana,1300
16 Aug 2014,Delhi,Banana,1250
14 Aug 2014,Delhi,Banana,1350
12 Aug 2014,Delhi,Banana,1100
11 Aug 2014,Delhi,Banana,1192
09 Aug 2014,Delhi,Banana,1500
08 Aug 2014,Delhi,Banana,2250
05 Aug 2014,Delhi,Banana,1500
31 Jul 2014,Delhi,Banana,1400
30 Jul 2014,Delhi,Banana,1350
29 Jul 2014,Delhi,Banana,1250
28 Jul 2014,Delhi,Banana,1354
26 Jul 2014,Delhi,Banana,1330
25 Jul 2014,Delhi,Banana,1380
23 Jul 2014,Delhi,Banana,1350
21 Jul 2014,Delhi,Banana,1200
19 Jul 2014,Delhi,Banana,1300
18 Jul 2014,Delhi,Banana,1413
17 Jul 2014,Delhi,Banana,1425
16 Jul 2014,Delhi,Banana,1375
15 Jul 2014,Delhi,Banana,1375
14 Jul 2014,Delhi,Banana,1400
12 Jul 2014,Delhi,Banana,1300
11 Jul 2014,Delhi,Banana,1335
10 Jul 2014,Delhi,Banana,1390
09 Jul 2014,Delhi,Banana,1390
08 Jul 2014,Delhi,Banana,1450
07 Jul 2014,Delhi,Banana,1450
05 Jul 2014,Delhi,Banana,1350
04 Jul 2014,Delhi,Banana,1375
03 Jul 2014,Delhi,Banana,1375
02 Jul 2014,Delhi,Banana,1247
01 Jul 2014,Delhi,Banana,1231
30 Jun 2014,Delhi,Banana,1222
28 Jun 2014,Delhi,Banana,1214
27 Jun 2014,Delhi,Banana,1164
26 Jun 2014,Delhi,Banana,1248
25 Jun 2014,Delhi,Banana,1330
24 Jun 2014,Delhi,Banana,1300
23 Jun 2014,Delhi,Banana,1215
21 Jun 2014,Delhi,Banana,1175
20 Jun 2014,Delhi,Banana,1148
19 Jun 2014,Delhi,Banana,975
18 Jun 2014,Delhi,Banana,1300
18 Jun 2014,Delhi,Banana,1300
17 Jun 2014,Delhi,Banana,1225
16 Jun 2014,Delhi,Banana,1300
14 Jun 2014,Delhi,Banana,1300
13 Jun 2014,Delhi,Banana,1175
12 Jun 2014,Delhi,Banana,1175
11 Jun 2014,Delhi,Banana,1150
10 Jun 2014,Delhi,Banana,1125
09 Jun 2014,Delhi,Banana,1075
07 Jun 2014,Delhi,Banana,1075
06 Jun 2014,Delhi,Banana,1047
05 Jun 2014,Delhi,Banana,1002
04 Jun 2014,Delhi,Banana,1075
03 Jun 2014,Delhi,Banana,1325
02 Jun 2014,Delhi,Banana,1465
30 May 2014,Delhi,Banana,1425
29 May 2014,Delhi,Banana,1375
28 May 2014,Delhi,Banana,1220
27 May 2014,Delhi,Banana,1220
26 May 2014,Delhi,Banana,1150
23 May 2014,Delhi,Banana,1390
22 May 2014,Delhi,Banana,1610
21 May 2014,Delhi,Banana,1615
20 May 2014,Delhi,Banana,1515
19 May 2014,Delhi,Banana,1525
17 May 2014,Delhi,Banana,1525
16 May 2014,Delhi,Banana,1383
15 May 2014,Delhi,Banana,1467
14 May 2014,Delhi,Banana,1280
13 May 2014,Delhi,Banana,1333
12 May 2014,Delhi,Banana,1212
10 May 2014,Delhi,Banana,1250
09 May 2014,Delhi,Banana,1200
07 May 2014,Delhi,Banana,1225
06 May 2014,Delhi,Banana,1375
05 May 2014,Delhi,Banana,1325
03 May 2014,Delhi,Banana,1225
02 May 2014,Delhi,Banana,1225
01 May 2014,Delhi,Banana,1275
30 Apr 2014,Delhi,Banana,1275
29 Apr 2014,Delhi,Banana,1500
28 Apr 2014,Delhi,Banana,1450
25 Apr 2014,Delhi,Banana,1525
24 Apr 2014,Delhi,Banana,1398
23 Apr 2014,Delhi,Banana,1250
22 Apr 2014,Delhi,Banana,1400
21 Apr 2014,Delhi,Banana,1450
19 Apr 2014,Delhi,Banana,1466
18 Apr 2014,Delhi,Banana,1725
17 Apr 2014,Delhi,Banana,1775
16 Apr 2014,Delhi,Banana,1775
15 Apr 2014,Delhi,Banana,1800
12 Apr 2014,Delhi,Banana,1875
11 Apr 2014,Delhi,Banana,1667
09 Apr 2014,Delhi,Banana,1667
08 Apr 2014,Delhi,Banana,1667
07 Apr 2014,Delhi,Banana,2050
05 Apr 2014,Delhi,Banana,2050
04 Apr 2014,Delhi,Banana,1925
03 Apr 2014,Delhi,Banana,1925
01 Apr 2014,Delhi,Banana,1975
31 Mar 2014,Delhi,Banana,1925
29 Mar 2014,Delhi,Banana,2125
28 Mar 2014,Delhi,Banana,2150
27 Mar 2014,Delhi,Banana,1749
26 Mar 2014,Delhi,Banana,2120
25 Mar 2014,Delhi,Banana,2030
24 Mar 2014,Delhi,Banana,1935
22 Mar 2014,Delhi,Banana,1740
21 Mar 2014,Delhi,Banana,1750
20 Mar 2014,Delhi,Banana,1775
19 Mar 2014,Delhi,Banana,1825
18 Mar 2014,Delhi,Banana,1800
14 Mar 2014,Delhi,Banana,1875
13 Mar 2014,Delhi,Banana,1750
12 Mar 2014,Delhi,Banana,1700
11 Mar 2014,Delhi,Banana,1750
10 Mar 2014,Delhi,Banana,1825
08 Mar 2014,Delhi,Banana,1725
07 Mar 2014,Delhi,Banana,1850
06 Mar 2014,Delhi,Banana,1925
05 Mar 2014,Delhi,Banana,2210
04 Mar 2014,Delhi,Banana,2135
03 Mar 2014,Delhi,Banana,2125
01 Mar 2014,Delhi,Banana,2100
28 Feb 2014,Delhi,Banana,2125
27 Feb 2014,Delhi,Banana,2100
26 Feb 2014,Delhi,Banana,2000
25 Feb 2014,Delhi,Banana,2000
24 Feb 2014,Delhi,Banana,1925
22 Feb 2014,Delhi,Banana,2100
21 Feb 2014,Delhi,Banana,2100
20 Feb 2014,Delhi,Banana,2075
19 Feb 2014,Delhi,Banana,2075
18 Feb 2014,Delhi,Banana,2025
17 Feb 2014,Delhi,Banana,2000
14 Feb 2014,Delhi,Banana,2025
13 Feb 2014,Delhi,Banana,2025
12 Feb 2014,Delhi,Banana,1975
11 Feb 2014,Delhi,Banana,1925
10 Feb 2014,Delhi,Banana,2050
08 Feb 2014,Delhi,Banana,1900
07 Feb 2014,Delhi,Banana,1900
06 Feb 2014,Delhi,Banana,1850
05 Feb 2014,Delhi,Banana,1950
04 Feb 2014,Delhi,Banana,1950
01 Feb 2014,Delhi,Banana,1800
31 Jan 2014,Delhi,Banana,1700
30 Jan 2014,Delhi,Banana,1600
29 Jan 2014,Delhi,Banana,1750
28 Jan 2014,Delhi,Banana,1750
27 Jan 2014,Delhi,Banana,1750
24 Jan 2014,Delhi,Banana,1800
23 Jan 2014,Delhi,Banana,1800
22 Jan 2014,Delhi,Banana,1800
21 Jan 2014,Delhi,Banana,1450
20 Jan 2014,Delhi,Banana,1600
18 Jan 2014,Delhi,Banana,1600
17 Jan 2014,Delhi,Banana,1800
16 Jan 2014,Delhi,Banana,1750
15 Jan 2014,Delhi,Banana,1700
14 Jan 2014,Delhi,Banana,1700
13 Jan 2014,Delhi,Banana,1650
11 Jan 2014,Delhi,Banana,1550
10 Jan 2014,Delhi,Banana,1750
09 Jan 2014,Delhi,Banana,1700
08 Jan 2014,Delhi,Banana,1800
07 Jan 2014,Delhi,Banana,1700
06 Jan 2014,Delhi,Banana,1600
04 Jan 2014,Delhi,Banana,1700
03 Jan 2014,Delhi,Banana,1700
02 Jan 2014,Delhi,Banana,1700
01 Jan 2014,Delhi,Banana,1680
